threshold;total_number_messages_human;total_number_messages_robot;firefighter_decisions;firefighter_danger;firefighter_danger_rate;total_allocations_human;total_allocations_robot;total_allocations;total_interventions;disagreement_rate;correct_behavior_rate;incorrect_behavior_rate;incorrect_intervention_rate;correct_intervention_rate;sensitivity;decision;CRR_ND_self;FR_ND_self;FRR_MD_self;FR_ND_robot;CRR_ND_robot;CR_MD_self;CRR_MD_robot;FR_MD_robot;world_nr;tick_nr
;0;0;0;0;0;0;0;0;0;0;0;0;0;0;;;0;0;0;0;0;0;0;0;1;0
;0;0;0;0;0;0;0;0;0;0;0;0;0;0;;;0;0;0;0;0;0;0;0;1;1
5.0;0;1;0;0;0;0;0;0;0;0;0;0;0;0;;;0;0;0;;;0;0;0;1;2
5.0;0;1;0;0;0;0;0;0;0;0;0;0;0;0;;;0;0;0;;;0;0;0;1;3
5.0;0;1;0;0;0;0;0;0;0;0;0;0;0;0;;;0;0;0;;;0;0;0;1;4
5.0;0;1;0;0;0;0;0;0;0;0;0;0;0;0;;;0;0;0;;;0;0;0;1;5
5.0;0;1;0;0;0;0;0;0;0;0;0;0;0;0;;;0;0;0;;;0;0;0;1;6
5.0;0;1;0;0;0;0;0;0;0;0;0;0;0;0;;;0;0;0;;;0;0;0;1;7
5.0;0;1;0;0;0;0;0;0;0;0;0;0;0;0;;;0;0;0;;;0;0;0;1;8
5.0;0;1;0;0;0;0;0;0;0;0;0;0;0;0;;;0;0;0;;;0;0;0;1;9
5.0;0;1;0;0;0;0;0;0;0;0;0;0;0;0;;;0;0;0;;;0;0;0;1;10
5.0;0;1;0;0;0;0;0;0;0;0;0;0;0;0;;;0;0;0;;;0;0;0;1;11
5.0;0;1;0;0;0;0;0;0;0;0;0;0;0;0;;;0;0;0;;;0;0;0;1;12
5.0;0;1;0;0;0;0;0;0;0;0;0;0;0;0;;;0;0;0;;;0;0;0;1;13
5.0;0;1;0;0;0;0;0;0;0;0;0;0;0;0;;;0;0;0;;;0;0;0;1;14
5.0;0;1;0;0;0;0;0;0;0;0;0;0;0;0;;;0;0;0;;;0;0;0;1;15
5.0;0;1;0;0;0;0;0;0;0;0;0;0;0;0;;;0;0;0;;;0;0;0;1;16
5.0;0;1;0;0;0;0;0;0;0;0;0;0;0;0;;;0;0;0;;;0;0;0;1;17
5.0;0;1;0;0;0;0;0;0;0;0;0;0;0;0;;;0;0;0;;;0;0;0;1;18
5.0;0;1;0;0;0;0;0;0;0;0;0;0;0;0;;;0;0;0;;;0;0;0;1;19
5.0;0;1;0;0;0;0;0;0;0;0;0;0;0;0;;;0;0;0;;;0;0;0;1;20
5.0;0;1;0;0;0;0;0;0;0;0;0;0;0;0;;;0;0;0;;;0;0;0;1;21
5.0;0;1;0;0;0;0;0;0;0;0;0;0;0;0;;;0;0;0;;;0;0;0;1;22
5.0;0;1;0;0;0;0;0;0;0;0;0;0;0;0;;;0;0;0;;;0;0;0;1;23
5.0;0;1;0;0;0;0;0;0;0;0;0;0;0;0;;;0;0;0;;;0;0;0;1;24
5.0;0;1;0;0;0;0;0;0;0;0;0;0;0;0;;;0;0;0;;;0;0;0;1;25
5.0;0;1;0;0;0;0;0;0;0;0;0;0;0;0;;;0;0;0;;;0;0;0;1;26
5.0;1;1;0;0;0;0;0;0;0;0;0;0;0;0;;;0;0;0;;;0;0;0;1;27
5.0;1;2;0;0;0;0;0;0;0;0;0;0;0;0;;;0;0;0;;;0;0;0;1;28
5.0;1;2;0;0;0;0;0;0;0;0;0;0;0;0;;;0;0;0;;;0;0;0;1;29
5.0;1;2;0;0;0;0;0;0;0;0;0;0;0;0;;;0;0;0;;;0;0;0;1;30
5.0;1;2;0;0;0;0;0;0;0;0;0;0;0;0;;;0;0;0;;;0;0;0;1;31
5.0;1;2;0;0;0;0;0;0;0;0;0;0;0;0;;;0;0;0;;;0;0;0;1;32
5.0;1;2;0;0;0;0;0;0;0;0;0;0;0;0;;;0;0;0;;;0;0;0;1;33
5.0;1;2;0;0;0;0;0;0;0;0;0;0;0;0;;;0;0;0;;;0;0;0;1;34
5.0;1;2;0;0;0;0;0;0;0;0;0;0;0;0;;;0;0;0;;;0;0;0;1;35
5.0;1;2;0;0;0;0;0;0;0;0;0;0;0;0;;;0;0;0;;;0;0;0;1;36
5.0;1;2;0;0;0;0;0;0;0;0;0;0;0;0;;;0;0;0;;;0;0;0;1;37
5.0;1;3;0;0;0;0;0;0;0;0;0;0;0;0;;;0;0;0;;;0;0;0;1;38
5.0;1;3;0;0;0;0;0;0;0;0;0;0;0;0;;;0;0;0;;;0;0;0;1;39
5.0;1;3;0;0;0;0;0;0;0;0;0;0;0;0;;;0;0;0;;;0;0;0;1;40
5.0;1;3;0;0;0;0;0;0;0;0;0;0;0;0;;;0;0;0;;;0;0;0;1;41
5.0;1;3;0;0;0;0;0;0;0;0;0;0;0;0;;;0;0;0;;;0;0;0;1;42
5.0;1;3;0;0;0;0;0;0;0;0;0;0;0;0;;;0;0;0;;;0;0;0;1;43
5.0;1;3;0;0;0;0;0;0;0;0;0;0;0;0;;;0;0;0;;;0;0;0;1;44
5.0;1;4;0;0;0;0;0;0;0;0;0;0;0;0;;;0;0;0;;;0;0;0;1;45
5.0;1;4;0;0;0;0;0;0;0;0;0;0;0;0;;;0;0;0;;;0;0;0;1;46
5.0;1;4;0;0;0;0;0;0;0;0;0;0;0;0;;;0;0;0;;;0;0;0;1;47
5.0;1;4;0;0;0;0;0;0;0;0;0;0;0;0;;;0;0;0;;;0;0;0;1;48
5.0;1;4;0;0;0;0;0;0;0;0;0;0;0;0;;;0;0;0;;;0;0;0;1;49
5.0;1;4;0;0;0;0;0;0;0;0;0;0;0;0;;;0;0;0;;;0;0;0;1;50
5.0;1;4;0;0;0;0;0;0;0;0;0;0;0;0;;;0;0;0;;;0;0;0;1;51
5.0;1;4;0;0;0;0;0;0;0;0;0;0;0;0;;;0;0;0;;;0;0;0;1;52
5.0;1;4;0;0;0;0;0;0;0;0;0;0;0;0;;;0;0;0;;;0;0;0;1;53
5.0;1;4;0;0;0;0;0;0;0;0;0;0;0;0;;;0;0;0;;;0;0;0;1;54
5.0;1;5;0;0;0;0;0;0;0;0;0;0;0;0;;;0;0;0;;;0;0;0;1;55
5.0;1;5;0;0;0;0;0;0;0;0;0;0;0;0;;;0;0;0;;;0;0;0;1;56
5.0;1;5;0;0;0;0;0;0;0;0;0;0;0;0;;;0;0;0;;;0;0;0;1;57
5.0;1;5;0;0;0;0;0;0;0;0;0;0;0;0;;;0;0;0;;;0;0;0;1;58
5.0;1;5;0;0;0;0;0;0;0;0;0;0;0;0;;;0;0;0;;;0;0;0;1;59
5.0;1;5;0;0;0;0;0;0;0;0;0;0;0;0;;;0;0;0;;;0;0;0;1;60
5.0;1;5;0;0;0;0;0;0;0;0;0;0;0;0;;;0;0;0;;;0;0;0;1;61
5.0;1;6;0;0;0;0;0;0;0;0;0;0;0;0;;;0;0;0;;;0;0;0;1;62
5.0;1;7;0;0;0;0;0;0;0;0;0;0;0;0;;;0;0;0;;;0;0;0;1;63
5.0;1;7;0;0;0;0;0;0;0;0;0;0;0;0;;;0;0;0;;;0;0;0;1;64
5.0;1;7;0;0;0;0;0;0;0;0;0;0;0;0;;;0;0;0;;;0;0;0;1;65
5.0;1;7;0;0;0;0;0;0;0;0;0;0;0;0;;;0;0;0;;;0;0;0;1;66
5.0;1;7;0;0;0;0;0;0;0;0;0;0;0;0;;;0;0;0;;;0;0;0;1;67
5.0;1;7;0;0;0;0;0;0;0;0;0;0;0;0;;;0;0;0;;;0;0;0;1;68
5.0;1;7;0;0;0;0;0;0;0;0;0;0;0;0;;;0;0;0;;;0;0;0;1;69
5.0;1;7;0;0;0;0;0;0;0;0;0;0;0;0;;;0;0;0;;;0;0;0;1;70
5.0;1;7;0;0;0;0;0;0;0;0;0;0;0;0;;;0;0;0;;;0;0;0;1;71
5.0;1;7;0;0;0;0;0;0;0;0;0;0;0;0;;;0;0;0;;;0;0;0;1;72
5.0;1;7;0;0;0;0;0;0;0;0;0;0;0;0;;;0;0;0;;;0;0;0;1;73
5.0;1;7;0;0;0;0;0;0;0;0;0;0;0;0;;;0;0;0;;;0;0;0;1;74
5.0;1;7;0;0;0;0;0;0;0;0;0;0;0;0;;;0;0;0;;;0;0;0;1;75
5.0;1;7;0;0;0;0;0;0;0;0;0;0;0;0;;;0;0;0;;;0;0;0;1;76
5.0;1;7;0;0;0;0;0;0;0;0;0;0;0;0;;;0;0;0;;;0;0;0;1;77
5.0;1;7;0;0;0;0;0;0;0;0;0;0;0;0;;;0;0;0;;;0;0;0;1;78
5.0;1;7;0;0;0;0;0;0;0;0;0;0;0;0;;;0;0;0;;;0;0;0;1;79
5.0;1;7;0;0;0;0;0;0;0;0;0;0;0;0;;;0;0;0;;;0;0;0;1;80
5.0;1;7;0;0;0;0;0;0;0;0;0;0;0;0;;;0;0;0;;;0;0;0;1;81
5.0;1;7;0;0;0;0;0;0;0;0;0;0;0;0;;;0;0;0;;;0;0;0;1;82
5.0;1;7;0;0;0;0;0;0;0;0;0;0;0;0;;;0;0;0;;;0;0;0;1;83
5.0;1;7;0;0;0;0;0;0;0;0;0;0;0;0;;;0;0;0;;;0;0;0;1;84
5.0;1;7;0;0;0;0;0;0;0;0;0;0;0;0;;;0;0;0;;;0;0;0;1;85
5.0;1;7;0;0;0;0;0;0;0;0;0;0;0;0;;;0;0;0;;;0;0;0;1;86
5.0;1;7;0;0;0;0;0;0;0;0;0;0;0;0;;;0;0;0;;;0;0;0;1;87
5.0;1;7;0;0;0;0;0;0;0;0;0;0;0;0;;;0;0;0;;;0;0;0;1;88
5.0;1;7;0;0;0;0;0;0;0;0;0;0;0;0;;;0;0;0;;;0;0;0;1;89
5.0;1;7;0;0;0;0;0;0;0;0;0;0;0;0;;;0;0;0;;;0;0;0;1;90
5.0;1;7;0;0;0;0;0;0;0;0;0;0;0;0;;;0;0;0;;;0;0;0;1;91
5.0;1;8;0;0;0;0;1;1;0;0.0;0.0;1.0;0;0;4.6;FRR_MD_self;0;0;1;;;0;0;0;1;92
5.0;1;8;0;0;0;0;1;1;0;0.0;0.0;1.0;0;0;4.6;FRR_MD_self;0;0;1;;;0;0;0;1;93
5.0;1;8;0;0;0;0;1;1;0;0.0;0.0;1.0;0;0;4.6;FRR_MD_self;0;0;1;;;0;0;0;1;94
5.0;1;8;0;0;0;0;1;1;0;0.0;0.0;1.0;0;0;4.6;FRR_MD_self;0;0;1;;;0;0;0;1;95
5.0;1;8;0;0;0;0;1;1;0;0.0;0.0;1.0;0;0;4.6;FRR_MD_self;0;0;1;;;0;0;0;1;96
5.0;1;8;0;0;0;0;1;1;0;0.0;0.0;1.0;0;0;4.6;FRR_MD_self;0;0;1;;;0;0;0;1;97
5.0;1;8;0;0;0;0;1;1;0;0.0;0.0;1.0;0;0;4.6;FRR_MD_self;0;0;1;;;0;0;0;1;98
5.0;1;8;0;0;0;0;1;1;0;0.0;0.0;1.0;0;0;4.6;FRR_MD_self;0;0;1;;;0;0;0;1;99
5.0;1;8;0;0;0;0;1;1;0;0.0;0.0;1.0;0;0;4.6;FRR_MD_self;0;0;1;;;0;0;0;1;100
5.0;1;9;0;0;0;0;1;1;0;0.0;0.0;1.0;0;0;4.6;FRR_MD_self;0;0;1;;;0;0;0;1;101
5.0;1;9;0;0;0;0;1;1;0;0.0;0.0;1.0;0;0;4.6;FRR_MD_self;0;0;1;;;0;0;0;1;102
5.0;1;9;0;0;0;0;1;1;0;0.0;0.0;1.0;0;0;4.6;FRR_MD_self;0;0;1;;;0;0;0;1;103
5.0;1;11;0;0;0;0;1;1;0;0.0;0.0;1.0;0;0;4.6;FRR_MD_self;0;0;1;;;0;0;0;1;104
5.0;1;11;0;0;0;0;1;1;0;0.0;0.0;1.0;0;0;4.6;FRR_MD_self;0;0;1;;;0;0;0;1;105
5.0;1;11;0;0;0;0;1;1;0;0.0;0.0;1.0;0;0;4.6;FRR_MD_self;0;0;1;;;0;0;0;1;106
5.0;1;11;0;0;0;0;1;1;0;0.0;0.0;1.0;0;0;4.6;FRR_MD_self;0;0;1;;;0;0;0;1;107
5.0;1;11;0;0;0;0;1;1;0;0.0;0.0;1.0;0;0;4.6;FRR_MD_self;0;0;1;;;0;0;0;1;108
5.0;1;11;0;0;0;0;1;1;0;0.0;0.0;1.0;0;0;4.6;FRR_MD_self;0;0;1;;;0;0;0;1;109
5.0;1;11;0;0;0;0;1;1;0;0.0;0.0;1.0;0;0;4.6;FRR_MD_self;0;0;1;;;0;0;0;1;110
5.0;1;11;0;0;0;0;1;1;0;0.0;0.0;1.0;0;0;4.6;FRR_MD_self;0;0;1;;;0;0;0;1;111
5.0;1;11;0;0;0;0;1;1;0;0.0;0.0;1.0;0;0;4.6;FRR_MD_self;0;0;1;;;0;0;0;1;112
5.0;1;11;0;0;0;0;1;1;0;0.0;0.0;1.0;0;0;4.6;FRR_MD_self;0;0;1;;;0;0;0;1;113
5.0;1;11;0;0;0;0;1;1;0;0.0;0.0;1.0;0;0;4.6;FRR_MD_self;0;0;1;;;0;0;0;1;114
5.0;1;11;0;0;0;0;1;1;0;0.0;0.0;1.0;0;0;4.6;FRR_MD_self;0;0;1;;;0;0;0;1;115
5.0;1;11;0;0;0;0;1;1;0;0.0;0.0;1.0;0;0;4.6;FRR_MD_self;0;0;1;;;0;0;0;1;116
5.0;1;11;0;0;0;0;1;1;0;0.0;0.0;1.0;0;0;4.6;FRR_MD_self;0;0;1;;;0;0;0;1;117
5.0;1;11;0;0;0;0;1;1;0;0.0;0.0;1.0;0;0;4.6;FRR_MD_self;0;0;1;;;0;0;0;1;118
5.0;1;11;0;0;0;0;1;1;0;0.0;0.0;1.0;0;0;4.6;FRR_MD_self;0;0;1;;;0;0;0;1;119
5.0;1;11;0;0;0;0;1;1;0;0.0;0.0;1.0;0;0;4.6;FRR_MD_self;0;0;1;;;0;0;0;1;120
5.0;1;11;0;0;0;0;1;1;0;0.0;0.0;1.0;0;0;4.6;FRR_MD_self;0;0;1;;;0;0;0;1;121
5.0;1;11;0;0;0;0;1;1;0;0.0;0.0;1.0;0;0;4.6;FRR_MD_self;0;0;1;;;0;0;0;1;122
5.0;1;11;0;0;0;0;1;1;0;0.0;0.0;1.0;0;0;4.6;FRR_MD_self;0;0;1;;;0;0;0;1;123
5.0;1;11;0;0;0;0;1;1;0;0.0;0.0;1.0;0;0;4.6;FRR_MD_self;0;0;1;;;0;0;0;1;124
5.0;1;11;0;0;0;0;1;1;0;0.0;0.0;1.0;0;0;4.6;FRR_MD_self;0;0;1;;;0;0;0;1;125
5.0;1;11;0;0;0;0;1;1;0;0.0;0.0;1.0;0;0;4.6;FRR_MD_self;0;0;1;;;0;0;0;1;126
5.0;1;11;0;0;0;0;1;1;0;0.0;0.0;1.0;0;0;4.6;FRR_MD_self;0;0;1;;;0;0;0;1;127
5.0;1;11;0;0;0;0;1;1;0;0.0;0.0;1.0;0;0;4.6;FRR_MD_self;0;0;1;;;0;0;0;1;128
5.0;1;11;0;0;0;0;1;1;0;0.0;0.0;1.0;0;0;4.6;FRR_MD_self;0;0;1;;;0;0;0;1;129
5.0;1;11;0;0;0;0;1;1;0;0.0;0.0;1.0;0;0;4.6;FRR_MD_self;0;0;1;;;0;0;0;1;130
5.0;1;11;0;0;0;0;1;1;0;0.0;0.0;1.0;0;0;4.6;FRR_MD_self;0;0;1;;;0;0;0;1;131
5.0;1;11;0;0;0;0;1;1;0;0.0;0.0;1.0;0;0;4.6;FRR_MD_self;0;0;1;;;0;0;0;1;132
5.0;1;11;0;0;0;0;1;1;0;0.0;0.0;1.0;0;0;4.6;FRR_MD_self;0;0;1;;;0;0;0;1;133
5.0;1;12;0;0;0;0;2;2;0;0.0;0.0;1.0;0;0;4.4;FRR_MD_self;0;0;2;;;0;0;0;1;134
5.0;1;12;0;0;0;0;2;2;0;0.0;0.0;1.0;0;0;4.4;FRR_MD_self;0;0;2;;;0;0;0;1;135
